{
  "test_preprocess": {
    "vocab_length": 1804
  },
  "test_lm": {
    "english_2_gram_length": 748,
    "english_3_gram_length": 8239,
    "french_3_gram_length": 8286,
    "spanish_3_gram_length": 8469
  },
  "test_eval": {
    "en_en": 23.62084662046365,
    "en_fr": 49.072607003171186,
    "en_tl": 54.913928032884705,
    "en_nl": 51.31520326337177
  },
  "test_match": {
    "en_en_3": 23.62084662046365,
    "en_tl_3": 54.913928032884705,
    "en_nl_3": 51.31520326337177
  },
  "test_generate": "NameError(\"name 'generate' is not defined\")"
}